<annotation>
	<folder>Generated_Images</folder>
	<filename>10.jpeg</filename>
	<path>/home/aishwarya/vaspimages/Generated_Images/10.jpeg</path>
	<source>
		<database>Unknown</database>
	</source>
	<size>
		<width>1289</width>
		<height>720</height>
		<depth>3</depth>
	</size>
	<segmented>0</segmented>
	<object>
		<name>Blower</name>
		<pose>Unspecified</pose>
		<truncated>0</truncated>
		<difficult>0</difficult>
		<bndbox>
			<xmin>1007</xmin>
			<ymin>14</ymin>
			<xmax>1114</xmax>
			<ymax>137</ymax>
		</bndbox>
	</object>
	<object>
		<name>Gate Valve</name>
		<pose>Unspecified</pose>
		<truncated>0</truncated>
		<difficult>0</difficult>
		<bndbox>
			<xmin>591</xmin>
			<ymin>101</ymin>
			<xmax>642</xmax>
			<ymax>244</ymax>
		</bndbox>
	</object>
	<object>
		<name>Solenoid Valve</name>
		<pose>Unspecified</pose>
		<truncated>0</truncated>
		<difficult>0</difficult>
		<bndbox>
			<xmin>742</xmin>
			<ymin>193</ymin>
			<xmax>780</xmax>
			<ymax>242</ymax>
		</bndbox>
	</object>
	<object>
		<name>Dosing Pump</name>
		<pose>Unspecified</pose>
		<truncated>0</truncated>
		<difficult>0</difficult>
		<bndbox>
			<xmin>456</xmin>
			<ymin>308</ymin>
			<xmax>584</xmax>
			<ymax>468</ymax>
		</bndbox>
	</object>
	<object>
		<name>Pump</name>
		<pose>Unspecified</pose>
		<truncated>0</truncated>
		<difficult>0</difficult>
		<bndbox>
			<xmin>1020</xmin>
			<ymin>502</ymin>
			<xmax>1148</xmax>
			<ymax>603</ymax>
		</bndbox>
	</object>
	<object>
		<name>Submersible Pump</name>
		<pose>Unspecified</pose>
		<truncated>0</truncated>
		<difficult>0</difficult>
		<bndbox>
			<xmin>1119</xmin>
			<ymin>612</ymin>
			<xmax>1226</xmax>
			<ymax>657</ymax>
		</bndbox>
	</object>
	<object>
		<name>Fan</name>
		<pose>Unspecified</pose>
		<truncated>1</truncated>
		<difficult>0</difficult>
		<bndbox>
			<xmin>437</xmin>
			<ymin>687</ymin>
			<xmax>497</xmax>
			<ymax>720</ymax>
		</bndbox>
	</object>
</annotation>
