<annotation>
	<folder>Generated_Images</folder>
	<filename>15.jpeg</filename>
	<path>/home/aishwarya/vaspimages/Generated_Images/15.jpeg</path>
	<source>
		<database>Unknown</database>
	</source>
	<size>
		<width>1289</width>
		<height>720</height>
		<depth>3</depth>
	</size>
	<segmented>0</segmented>
	<object>
		<name>Blower</name>
		<pose>Unspecified</pose>
		<truncated>0</truncated>
		<difficult>0</difficult>
		<bndbox>
			<xmin>555</xmin>
			<ymin>73</ymin>
			<xmax>633</xmax>
			<ymax>162</ymax>
		</bndbox>
	</object>
	<object>
		<name>Mixer</name>
		<pose>Unspecified</pose>
		<truncated>0</truncated>
		<difficult>0</difficult>
		<bndbox>
			<xmin>333</xmin>
			<ymin>214</ymin>
			<xmax>375</xmax>
			<ymax>276</ymax>
		</bndbox>
	</object>
	<object>
		<name>Pump</name>
		<pose>Unspecified</pose>
		<truncated>0</truncated>
		<difficult>0</difficult>
		<bndbox>
			<xmin>535</xmin>
			<ymin>194</ymin>
			<xmax>632</xmax>
			<ymax>329</ymax>
		</bndbox>
	</object>
	<object>
		<name>On Off Valve</name>
		<pose>Unspecified</pose>
		<truncated>0</truncated>
		<difficult>0</difficult>
		<bndbox>
			<xmin>449</xmin>
			<ymin>535</ymin>
			<xmax>537</xmax>
			<ymax>691</ymax>
		</bndbox>
	</object>
	<object>
		<name>Fan</name>
		<pose>Unspecified</pose>
		<truncated>1</truncated>
		<difficult>0</difficult>
		<bndbox>
			<xmin>99</xmin>
			<ymin>608</ymin>
			<xmax>270</xmax>
			<ymax>720</ymax>
		</bndbox>
	</object>
	<object>
		<name>Pump</name>
		<pose>Unspecified</pose>
		<truncated>1</truncated>
		<difficult>0</difficult>
		<bndbox>
			<xmin>652</xmin>
			<ymin>481</ymin>
			<xmax>1017</xmax>
			<ymax>720</ymax>
		</bndbox>
	</object>
	<object>
		<name>Blower</name>
		<pose>Unspecified</pose>
		<truncated>1</truncated>
		<difficult>0</difficult>
		<bndbox>
			<xmin>1253</xmin>
			<ymin>636</ymin>
			<xmax>1288</xmax>
			<ymax>720</ymax>
		</bndbox>
	</object>
</annotation>
