<annotation>
	<folder>Generated_Images</folder>
	<filename>19.jpeg</filename>
	<path>/home/aishwarya/vaspimages/Generated_Images/19.jpeg</path>
	<source>
		<database>Unknown</database>
	</source>
	<size>
		<width>1289</width>
		<height>720</height>
		<depth>3</depth>
	</size>
	<segmented>0</segmented>
	<object>
		<name>Fan</name>
		<pose>Unspecified</pose>
		<truncated>0</truncated>
		<difficult>0</difficult>
		<bndbox>
			<xmin>51</xmin>
			<ymin>256</ymin>
			<xmax>102</xmax>
			<ymax>302</ymax>
		</bndbox>
	</object>
	<object>
		<name>Blower</name>
		<pose>Unspecified</pose>
		<truncated>1</truncated>
		<difficult>0</difficult>
		<bndbox>
			<xmin>1</xmin>
			<ymin>421</ymin>
			<xmax>77</xmax>
			<ymax>514</ymax>
		</bndbox>
	</object>
	<object>
		<name>Blower</name>
		<pose>Unspecified</pose>
		<truncated>0</truncated>
		<difficult>0</difficult>
		<bndbox>
			<xmin>347</xmin>
			<ymin>91</ymin>
			<xmax>669</xmax>
			<ymax>465</ymax>
		</bndbox>
	</object>
	<object>
		<name>Pump</name>
		<pose>Unspecified</pose>
		<truncated>0</truncated>
		<difficult>0</difficult>
		<bndbox>
			<xmin>626</xmin>
			<ymin>334</ymin>
			<xmax>720</xmax>
			<ymax>466</ymax>
		</bndbox>
	</object>
	<object>
		<name>Solenoid Valve</name>
		<pose>Unspecified</pose>
		<truncated>0</truncated>
		<difficult>0</difficult>
		<bndbox>
			<xmin>1124</xmin>
			<ymin>50</ymin>
			<xmax>1164</xmax>
			<ymax>100</ymax>
		</bndbox>
	</object>
	<object>
		<name>Fan</name>
		<pose>Unspecified</pose>
		<truncated>1</truncated>
		<difficult>0</difficult>
		<bndbox>
			<xmin>119</xmin>
			<ymin>616</ymin>
			<xmax>285</xmax>
			<ymax>720</ymax>
		</bndbox>
	</object>
	<object>
		<name>Fan</name>
		<pose>Unspecified</pose>
		<truncated>0</truncated>
		<difficult>0</difficult>
		<bndbox>
			<xmin>1235</xmin>
			<ymin>577</ymin>
			<xmax>1267</xmax>
			<ymax>612</ymax>
		</bndbox>
	</object>
</annotation>
