<annotation>
	<folder>Generated_Images</folder>
	<filename>31.jpeg</filename>
	<path>/home/aishwarya/vaspimages/Generated_Images/31.jpeg</path>
	<source>
		<database>Unknown</database>
	</source>
	<size>
		<width>1289</width>
		<height>720</height>
		<depth>3</depth>
	</size>
	<segmented>0</segmented>
	<object>
		<name>Solenoid Valve</name>
		<pose>Unspecified</pose>
		<truncated>0</truncated>
		<difficult>0</difficult>
		<bndbox>
			<xmin>124</xmin>
			<ymin>73</ymin>
			<xmax>167</xmax>
			<ymax>126</ymax>
		</bndbox>
	</object>
	<object>
		<name>Solenoid Valve</name>
		<pose>Unspecified</pose>
		<truncated>0</truncated>
		<difficult>0</difficult>
		<bndbox>
			<xmin>473</xmin>
			<ymin>341</ymin>
			<xmax>537</xmax>
			<ymax>455</ymax>
		</bndbox>
	</object>
	<object>
		<name>Pump</name>
		<pose>Unspecified</pose>
		<truncated>0</truncated>
		<difficult>0</difficult>
		<bndbox>
			<xmin>1118</xmin>
			<ymin>23</ymin>
			<xmax>1192</xmax>
			<ymax>126</ymax>
		</bndbox>
	</object>
	<object>
		<name>Pump</name>
		<pose>Unspecified</pose>
		<truncated>0</truncated>
		<difficult>0</difficult>
		<bndbox>
			<xmin>1137</xmin>
			<ymin>171</ymin>
			<xmax>1240</xmax>
			<ymax>304</ymax>
		</bndbox>
	</object>
	<object>
		<name>Screening</name>
		<pose>Unspecified</pose>
		<truncated>1</truncated>
		<difficult>0</difficult>
		<bndbox>
			<xmin>928</xmin>
			<ymin>382</ymin>
			<xmax>1229</xmax>
			<ymax>720</ymax>
		</bndbox>
	</object>
	<object>
		<name>Dosing Pump</name>
		<pose>Unspecified</pose>
		<truncated>1</truncated>
		<difficult>0</difficult>
		<bndbox>
			<xmin>1217</xmin>
			<ymin>280</ymin>
			<xmax>1289</xmax>
			<ymax>541</ymax>
		</bndbox>
	</object>
</annotation>
