<annotation>
	<folder>Generated_Images</folder>
	<filename>32.jpeg</filename>
	<path>/home/aishwarya/vaspimages/Generated_Images/32.jpeg</path>
	<source>
		<database>Unknown</database>
	</source>
	<size>
		<width>1289</width>
		<height>720</height>
		<depth>3</depth>
	</size>
	<segmented>0</segmented>
	<object>
		<name>Dosing Pump</name>
		<pose>Unspecified</pose>
		<truncated>0</truncated>
		<difficult>0</difficult>
		<bndbox>
			<xmin>251</xmin>
			<ymin>201</ymin>
			<xmax>318</xmax>
			<ymax>264</ymax>
		</bndbox>
	</object>
	<object>
		<name>Screening</name>
		<pose>Unspecified</pose>
		<truncated>0</truncated>
		<difficult>0</difficult>
		<bndbox>
			<xmin>696</xmin>
			<ymin>40</ymin>
			<xmax>760</xmax>
			<ymax>140</ymax>
		</bndbox>
	</object>
	<object>
		<name>UV</name>
		<pose>Unspecified</pose>
		<truncated>0</truncated>
		<difficult>0</difficult>
		<bndbox>
			<xmin>460</xmin>
			<ymin>169</ymin>
			<xmax>755</xmax>
			<ymax>365</ymax>
		</bndbox>
	</object>
	<object>
		<name>Gate Valve</name>
		<pose>Unspecified</pose>
		<truncated>0</truncated>
		<difficult>0</difficult>
		<bndbox>
			<xmin>676</xmin>
			<ymin>236</ymin>
			<xmax>744</xmax>
			<ymax>448</ymax>
		</bndbox>
	</object>
	<object>
		<name>Blower</name>
		<pose>Unspecified</pose>
		<truncated>0</truncated>
		<difficult>0</difficult>
		<bndbox>
			<xmin>691</xmin>
			<ymin>462</ymin>
			<xmax>839</xmax>
			<ymax>633</ymax>
		</bndbox>
	</object>
	<object>
		<name>Solenoid Valve</name>
		<pose>Unspecified</pose>
		<truncated>1</truncated>
		<difficult>0</difficult>
		<bndbox>
			<xmin>515</xmin>
			<ymin>628</ymin>
			<xmax>584</xmax>
			<ymax>720</ymax>
		</bndbox>
	</object>
</annotation>
