<annotation>
	<folder>Generated_Images</folder>
	<filename>37.jpeg</filename>
	<path>/home/aishwarya/vaspimages/Generated_Images/37.jpeg</path>
	<source>
		<database>Unknown</database>
	</source>
	<size>
		<width>1289</width>
		<height>720</height>
		<depth>3</depth>
	</size>
	<segmented>0</segmented>
	<object>
		<name>Submersible Pump</name>
		<pose>Unspecified</pose>
		<truncated>0</truncated>
		<difficult>0</difficult>
		<bndbox>
			<xmin>213</xmin>
			<ymin>428</ymin>
			<xmax>305</xmax>
			<ymax>648</ymax>
		</bndbox>
	</object>
	<object>
		<name>Gate Valve</name>
		<pose>Unspecified</pose>
		<truncated>0</truncated>
		<difficult>0</difficult>
		<bndbox>
			<xmin>628</xmin>
			<ymin>513</ymin>
			<xmax>775</xmax>
			<ymax>564</ymax>
		</bndbox>
	</object>
	<object>
		<name>Submersible Pump</name>
		<pose>Unspecified</pose>
		<truncated>0</truncated>
		<difficult>0</difficult>
		<bndbox>
			<xmin>1198</xmin>
			<ymin>157</ymin>
			<xmax>1246</xmax>
			<ymax>264</ymax>
		</bndbox>
	</object>
	<object>
		<name>Screening</name>
		<pose>Unspecified</pose>
		<truncated>1</truncated>
		<difficult>0</difficult>
		<bndbox>
			<xmin>257</xmin>
			<ymin>671</ymin>
			<xmax>322</xmax>
			<ymax>720</ymax>
		</bndbox>
	</object>
	<object>
		<name>Fan</name>
		<pose>Unspecified</pose>
		<truncated>0</truncated>
		<difficult>0</difficult>
		<bndbox>
			<xmin>971</xmin>
			<ymin>617</ymin>
			<xmax>1039</xmax>
			<ymax>678</ymax>
		</bndbox>
	</object>
</annotation>
