<annotation>
	<folder>Generated_Images</folder>
	<filename>39.jpeg</filename>
	<path>/home/aishwarya/vaspimages/Generated_Images/39.jpeg</path>
	<source>
		<database>Unknown</database>
	</source>
	<size>
		<width>1289</width>
		<height>720</height>
		<depth>3</depth>
	</size>
	<segmented>0</segmented>
	<object>
		<name>Gate Valve</name>
		<pose>Unspecified</pose>
		<truncated>0</truncated>
		<difficult>0</difficult>
		<bndbox>
			<xmin>314</xmin>
			<ymin>249</ymin>
			<xmax>349</xmax>
			<ymax>328</ymax>
		</bndbox>
	</object>
	<object>
		<name>Solenoid Valve</name>
		<pose>Unspecified</pose>
		<truncated>0</truncated>
		<difficult>0</difficult>
		<bndbox>
			<xmin>977</xmin>
			<ymin>211</ymin>
			<xmax>1017</xmax>
			<ymax>270</ymax>
		</bndbox>
	</object>
	<object>
		<name>Blower</name>
		<pose>Unspecified</pose>
		<truncated>0</truncated>
		<difficult>0</difficult>
		<bndbox>
			<xmin>383</xmin>
			<ymin>246</ymin>
			<xmax>648</xmax>
			<ymax>548</ymax>
		</bndbox>
	</object>
	<object>
		<name>On Off Valve</name>
		<pose>Unspecified</pose>
		<truncated>0</truncated>
		<difficult>0</difficult>
		<bndbox>
			<xmin>757</xmin>
			<ymin>308</ymin>
			<xmax>796</xmax>
			<ymax>372</ymax>
		</bndbox>
	</object>
	<object>
		<name>Dosing Pump</name>
		<pose>Unspecified</pose>
		<truncated>0</truncated>
		<difficult>0</difficult>
		<bndbox>
			<xmin>979</xmin>
			<ymin>428</ymin>
			<xmax>1105</xmax>
			<ymax>594</ymax>
		</bndbox>
	</object>
	<object>
		<name>Blower</name>
		<pose>Unspecified</pose>
		<truncated>0</truncated>
		<difficult>0</difficult>
		<bndbox>
			<xmin>505</xmin>
			<ymin>577</ymin>
			<xmax>578</xmax>
			<ymax>664</ymax>
		</bndbox>
	</object>
</annotation>
