<annotation>
	<folder>Generated_Images</folder>
	<filename>42.jpeg</filename>
	<path>/home/aishwarya/vaspimages/Generated_Images/42.jpeg</path>
	<source>
		<database>Unknown</database>
	</source>
	<size>
		<width>1289</width>
		<height>720</height>
		<depth>3</depth>
	</size>
	<segmented>0</segmented>
	<object>
		<name>Pump</name>
		<pose>Unspecified</pose>
		<truncated>0</truncated>
		<difficult>0</difficult>
		<bndbox>
			<xmin>219</xmin>
			<ymin>260</ymin>
			<xmax>295</xmax>
			<ymax>361</ymax>
		</bndbox>
	</object>
	<object>
		<name>Submersible Pump</name>
		<pose>Unspecified</pose>
		<truncated>0</truncated>
		<difficult>0</difficult>
		<bndbox>
			<xmin>283</xmin>
			<ymin>200</ymin>
			<xmax>328</xmax>
			<ymax>311</ymax>
		</bndbox>
	</object>
	<object>
		<name>Blower</name>
		<pose>Unspecified</pose>
		<truncated>1</truncated>
		<difficult>0</difficult>
		<bndbox>
			<xmin>1051</xmin>
			<ymin>491</ymin>
			<xmax>1276</xmax>
			<ymax>720</ymax>
		</bndbox>
	</object>
	<object>
		<name>On Off Valve</name>
		<pose>Unspecified</pose>
		<truncated>0</truncated>
		<difficult>0</difficult>
		<bndbox>
			<xmin>832</xmin>
			<ymin>298</ymin>
			<xmax>848</xmax>
			<ymax>331</ymax>
		</bndbox>
	</object>
</annotation>
