<annotation>
	<folder>Generated_Images</folder>
	<filename>46.jpeg</filename>
	<path>/home/aishwarya/vaspimages/Generated_Images/46.jpeg</path>
	<source>
		<database>Unknown</database>
	</source>
	<size>
		<width>1289</width>
		<height>720</height>
		<depth>3</depth>
	</size>
	<segmented>0</segmented>
	<object>
		<name>Blower</name>
		<pose>Unspecified</pose>
		<truncated>0</truncated>
		<difficult>0</difficult>
		<bndbox>
			<xmin>90</xmin>
			<ymin>23</ymin>
			<xmax>132</xmax>
			<ymax>70</ymax>
		</bndbox>
	</object>
	<object>
		<name>UV</name>
		<pose>Unspecified</pose>
		<truncated>0</truncated>
		<difficult>0</difficult>
		<bndbox>
			<xmin>135</xmin>
			<ymin>136</ymin>
			<xmax>207</xmax>
			<ymax>190</ymax>
		</bndbox>
	</object>
	<object>
		<name>Pump</name>
		<pose>Unspecified</pose>
		<truncated>0</truncated>
		<difficult>0</difficult>
		<bndbox>
			<xmin>533</xmin>
			<ymin>354</ymin>
			<xmax>628</xmax>
			<ymax>485</ymax>
		</bndbox>
	</object>
	<object>
		<name>Fan</name>
		<pose>Unspecified</pose>
		<truncated>0</truncated>
		<difficult>0</difficult>
		<bndbox>
			<xmin>767</xmin>
			<ymin>408</ymin>
			<xmax>933</xmax>
			<ymax>548</ymax>
		</bndbox>
	</object>
	<object>
		<name>Mixer</name>
		<pose>Unspecified</pose>
		<truncated>0</truncated>
		<difficult>0</difficult>
		<bndbox>
			<xmin>990</xmin>
			<ymin>321</ymin>
			<xmax>1090</xmax>
			<ymax>382</ymax>
		</bndbox>
	</object>
	<object>
		<name>Dosing Pump</name>
		<pose>Unspecified</pose>
		<truncated>0</truncated>
		<difficult>0</difficult>
		<bndbox>
			<xmin>989</xmin>
			<ymin>516</ymin>
			<xmax>1034</xmax>
			<ymax>573</ymax>
		</bndbox>
	</object>
	<object>
		<name>Screening</name>
		<pose>Unspecified</pose>
		<truncated>0</truncated>
		<difficult>0</difficult>
		<bndbox>
			<xmin>1099</xmin>
			<ymin>457</ymin>
			<xmax>1148</xmax>
			<ymax>519</ymax>
		</bndbox>
	</object>
	<object>
		<name>Solenoid Valve</name>
		<pose>Unspecified</pose>
		<truncated>0</truncated>
		<difficult>0</difficult>
		<bndbox>
			<xmin>1194</xmin>
			<ymin>585</ymin>
			<xmax>1220</xmax>
			<ymax>622</ymax>
		</bndbox>
	</object>
</annotation>
