<annotation>
	<folder>Generated_Images</folder>
	<filename>47.jpeg</filename>
	<path>/home/aishwarya/vaspimages/Generated_Images/47.jpeg</path>
	<source>
		<database>Unknown</database>
	</source>
	<size>
		<width>1289</width>
		<height>720</height>
		<depth>3</depth>
	</size>
	<segmented>0</segmented>
	<object>
		<name>Mixer</name>
		<pose>Unspecified</pose>
		<truncated>0</truncated>
		<difficult>0</difficult>
		<bndbox>
			<xmin>5</xmin>
			<ymin>171</ymin>
			<xmax>103</xmax>
			<ymax>228</ymax>
		</bndbox>
	</object>
	<object>
		<name>Submersible Pump</name>
		<pose>Unspecified</pose>
		<truncated>0</truncated>
		<difficult>0</difficult>
		<bndbox>
			<xmin>191</xmin>
			<ymin>3</ymin>
			<xmax>229</xmax>
			<ymax>108</ymax>
		</bndbox>
	</object>
	<object>
		<name>Submersible Pump</name>
		<pose>Unspecified</pose>
		<truncated>0</truncated>
		<difficult>0</difficult>
		<bndbox>
			<xmin>569</xmin>
			<ymin>575</ymin>
			<xmax>594</xmax>
			<ymax>645</ymax>
		</bndbox>
	</object>
	<object>
		<name>Submersible Pump</name>
		<pose>Unspecified</pose>
		<truncated>0</truncated>
		<difficult>0</difficult>
		<bndbox>
			<xmin>962</xmin>
			<ymin>403</ymin>
			<xmax>996</xmax>
			<ymax>485</ymax>
		</bndbox>
	</object>
	<object>
		<name>Submersible Pump</name>
		<pose>Unspecified</pose>
		<truncated>0</truncated>
		<difficult>0</difficult>
		<bndbox>
			<xmin>948</xmin>
			<ymin>74</ymin>
			<xmax>970</xmax>
			<ymax>136</ymax>
		</bndbox>
	</object>
	<object>
		<name>Submersible Pump</name>
		<pose>Unspecified</pose>
		<truncated>0</truncated>
		<difficult>0</difficult>
		<bndbox>
			<xmin>1118</xmin>
			<ymin>42</ymin>
			<xmax>1152</xmax>
			<ymax>148</ymax>
		</bndbox>
	</object>
	<object>
		<name>Fan</name>
		<pose>Unspecified</pose>
		<truncated>0</truncated>
		<difficult>0</difficult>
		<bndbox>
			<xmin>807</xmin>
			<ymin>237</ymin>
			<xmax>855</xmax>
			<ymax>298</ymax>
		</bndbox>
	</object>
	<object>
		<name>Blower</name>
		<pose>Unspecified</pose>
		<truncated>0</truncated>
		<difficult>0</difficult>
		<bndbox>
			<xmin>1145</xmin>
			<ymin>367</ymin>
			<xmax>1215</xmax>
			<ymax>459</ymax>
		</bndbox>
	</object>
</annotation>
