<annotation>
	<folder>Generated_Images</folder>
	<filename>48.jpeg</filename>
	<path>/home/aishwarya/vaspimages/Generated_Images/48.jpeg</path>
	<source>
		<database>Unknown</database>
	</source>
	<size>
		<width>1289</width>
		<height>720</height>
		<depth>3</depth>
	</size>
	<segmented>0</segmented>
	<object>
		<name>Solenoid Valve</name>
		<pose>Unspecified</pose>
		<truncated>0</truncated>
		<difficult>0</difficult>
		<bndbox>
			<xmin>590</xmin>
			<ymin>42</ymin>
			<xmax>645</xmax>
			<ymax>84</ymax>
		</bndbox>
	</object>
	<object>
		<name>Screening</name>
		<pose>Unspecified</pose>
		<truncated>0</truncated>
		<difficult>0</difficult>
		<bndbox>
			<xmin>696</xmin>
			<ymin>286</ymin>
			<xmax>849</xmax>
			<ymax>478</ymax>
		</bndbox>
	</object>
	<object>
		<name>Submersible Pump</name>
		<pose>Unspecified</pose>
		<truncated>0</truncated>
		<difficult>0</difficult>
		<bndbox>
			<xmin>1067</xmin>
			<ymin>215</ymin>
			<xmax>1121</xmax>
			<ymax>370</ymax>
		</bndbox>
	</object>
	<object>
		<name>Fan</name>
		<pose>Unspecified</pose>
		<truncated>0</truncated>
		<difficult>0</difficult>
		<bndbox>
			<xmin>1017</xmin>
			<ymin>466</ymin>
			<xmax>1069</xmax>
			<ymax>528</ymax>
		</bndbox>
	</object>
	<object>
		<name>Screening</name>
		<pose>Unspecified</pose>
		<truncated>0</truncated>
		<difficult>0</difficult>
		<bndbox>
			<xmin>910</xmin>
			<ymin>482</ymin>
			<xmax>977</xmax>
			<ymax>566</ymax>
		</bndbox>
	</object>
	<object>
		<name>On Off Valve</name>
		<pose>Unspecified</pose>
		<truncated>1</truncated>
		<difficult>0</difficult>
		<bndbox>
			<xmin>455</xmin>
			<ymin>554</ymin>
			<xmax>561</xmax>
			<ymax>720</ymax>
		</bndbox>
	</object>
	<object>
		<name>Fan</name>
		<pose>Unspecified</pose>
		<truncated>1</truncated>
		<difficult>0</difficult>
		<bndbox>
			<xmin>93</xmin>
			<ymin>605</ymin>
			<xmax>263</xmax>
			<ymax>720</ymax>
		</bndbox>
	</object>
</annotation>
