<annotation>
	<folder>Generated_Images</folder>
	<filename>51.jpeg</filename>
	<path>/home/aishwarya/vaspimages/Generated_Images/51.jpeg</path>
	<source>
		<database>Unknown</database>
	</source>
	<size>
		<width>1289</width>
		<height>720</height>
		<depth>3</depth>
	</size>
	<segmented>0</segmented>
	<object>
		<name>Gate Valve</name>
		<pose>Unspecified</pose>
		<truncated>0</truncated>
		<difficult>0</difficult>
		<bndbox>
			<xmin>21</xmin>
			<ymin>307</ymin>
			<xmax>69</xmax>
			<ymax>447</ymax>
		</bndbox>
	</object>
	<object>
		<name>On Off Valve</name>
		<pose>Unspecified</pose>
		<truncated>0</truncated>
		<difficult>0</difficult>
		<bndbox>
			<xmin>551</xmin>
			<ymin>210</ymin>
			<xmax>702</xmax>
			<ymax>469</ymax>
		</bndbox>
	</object>
	<object>
		<name>Submersible Pump</name>
		<pose>Unspecified</pose>
		<truncated>0</truncated>
		<difficult>0</difficult>
		<bndbox>
			<xmin>641</xmin>
			<ymin>173</ymin>
			<xmax>753</xmax>
			<ymax>220</ymax>
		</bndbox>
	</object>
	<object>
		<name>Fan</name>
		<pose>Unspecified</pose>
		<truncated>0</truncated>
		<difficult>0</difficult>
		<bndbox>
			<xmin>661</xmin>
			<ymin>577</ymin>
			<xmax>717</xmax>
			<ymax>625</ymax>
		</bndbox>
	</object>
	<object>
		<name>On Off Valve</name>
		<pose>Unspecified</pose>
		<truncated>0</truncated>
		<difficult>0</difficult>
		<bndbox>
			<xmin>1239</xmin>
			<ymin>444</ymin>
			<xmax>1275</xmax>
			<ymax>504</ymax>
		</bndbox>
	</object>
	<object>
		<name>Submersible Pump</name>
		<pose>Unspecified</pose>
		<truncated>0</truncated>
		<difficult>0</difficult>
		<bndbox>
			<xmin>951</xmin>
			<ymin>303</ymin>
			<xmax>974</xmax>
			<ymax>347</ymax>
		</bndbox>
	</object>
</annotation>
