<annotation>
	<folder>Generated_Images</folder>
	<filename>6.jpeg</filename>
	<path>/home/aishwarya/vaspimages/Generated_Images/6.jpeg</path>
	<source>
		<database>Unknown</database>
	</source>
	<size>
		<width>1289</width>
		<height>720</height>
		<depth>3</depth>
	</size>
	<segmented>0</segmented>
	<object>
		<name>Screening</name>
		<pose>Unspecified</pose>
		<truncated>0</truncated>
		<difficult>0</difficult>
		<bndbox>
			<xmin>205</xmin>
			<ymin>257</ymin>
			<xmax>278</xmax>
			<ymax>321</ymax>
		</bndbox>
	</object>
	<object>
		<name>Screening</name>
		<pose>Unspecified</pose>
		<truncated>1</truncated>
		<difficult>0</difficult>
		<bndbox>
			<xmin>1225</xmin>
			<ymin>361</ymin>
			<xmax>1289</xmax>
			<ymax>475</ymax>
		</bndbox>
	</object>
	<object>
		<name>UV</name>
		<pose>Unspecified</pose>
		<truncated>0</truncated>
		<difficult>0</difficult>
		<bndbox>
			<xmin>736</xmin>
			<ymin>352</ymin>
			<xmax>835</xmax>
			<ymax>419</ymax>
		</bndbox>
	</object>
	<object>
		<name>UV</name>
		<pose>Unspecified</pose>
		<truncated>0</truncated>
		<difficult>0</difficult>
		<bndbox>
			<xmin>892</xmin>
			<ymin>611</ymin>
			<xmax>986</xmax>
			<ymax>675</ymax>
		</bndbox>
	</object>
	<object>
		<name>Screening</name>
		<pose>Unspecified</pose>
		<truncated>0</truncated>
		<difficult>0</difficult>
		<bndbox>
			<xmin>514</xmin>
			<ymin>506</ymin>
			<xmax>535</xmax>
			<ymax>537</ymax>
		</bndbox>
	</object>
</annotation>
