<annotation>
	<folder>Generated_Images</folder>
	<filename>69.jpeg</filename>
	<path>/home/aishwarya/vaspimages/Generated_Images/69.jpeg</path>
	<source>
		<database>Unknown</database>
	</source>
	<size>
		<width>1289</width>
		<height>720</height>
		<depth>3</depth>
	</size>
	<segmented>0</segmented>
	<object>
		<name>Mixer</name>
		<pose>Unspecified</pose>
		<truncated>0</truncated>
		<difficult>0</difficult>
		<bndbox>
			<xmin>41</xmin>
			<ymin>369</ymin>
			<xmax>104</xmax>
			<ymax>469</ymax>
		</bndbox>
	</object>
	<object>
		<name>UV</name>
		<pose>Unspecified</pose>
		<truncated>0</truncated>
		<difficult>0</difficult>
		<bndbox>
			<xmin>211</xmin>
			<ymin>526</ymin>
			<xmax>283</xmax>
			<ymax>631</ymax>
		</bndbox>
	</object>
	<object>
		<name>Pump</name>
		<pose>Unspecified</pose>
		<truncated>0</truncated>
		<difficult>0</difficult>
		<bndbox>
			<xmin>623</xmin>
			<ymin>276</ymin>
			<xmax>812</xmax>
			<ymax>519</ymax>
		</bndbox>
	</object>
	<object>
		<name>Fan</name>
		<pose>Unspecified</pose>
		<truncated>0</truncated>
		<difficult>0</difficult>
		<bndbox>
			<xmin>796</xmin>
			<ymin>12</ymin>
			<xmax>970</xmax>
			<ymax>147</ymax>
		</bndbox>
	</object>
	<object>
		<name>Fan</name>
		<pose>Unspecified</pose>
		<truncated>0</truncated>
		<difficult>0</difficult>
		<bndbox>
			<xmin>759</xmin>
			<ymin>125</ymin>
			<xmax>795</xmax>
			<ymax>160</ymax>
		</bndbox>
	</object>
	<object>
		<name>Screening</name>
		<pose>Unspecified</pose>
		<truncated>0</truncated>
		<difficult>0</difficult>
		<bndbox>
			<xmin>778</xmin>
			<ymin>213</ymin>
			<xmax>962</xmax>
			<ymax>454</ymax>
		</bndbox>
	</object>
</annotation>
