<annotation>
	<folder>Generated_Images</folder>
	<filename>7.jpeg</filename>
	<path>/home/aishwarya/vaspimages/Generated_Images/7.jpeg</path>
	<source>
		<database>Unknown</database>
	</source>
	<size>
		<width>1289</width>
		<height>720</height>
		<depth>3</depth>
	</size>
	<segmented>0</segmented>
	<object>
		<name>Blower</name>
		<pose>Unspecified</pose>
		<truncated>0</truncated>
		<difficult>0</difficult>
		<bndbox>
			<xmin>492</xmin>
			<ymin>574</ymin>
			<xmax>553</xmax>
			<ymax>646</ymax>
		</bndbox>
	</object>
	<object>
		<name>Mixer</name>
		<pose>Unspecified</pose>
		<truncated>0</truncated>
		<difficult>0</difficult>
		<bndbox>
			<xmin>1068</xmin>
			<ymin>616</ymin>
			<xmax>1168</xmax>
			<ymax>679</ymax>
		</bndbox>
	</object>
	<object>
		<name>Gate Valve</name>
		<pose>Unspecified</pose>
		<truncated>0</truncated>
		<difficult>0</difficult>
		<bndbox>
			<xmin>745</xmin>
			<ymin>237</ymin>
			<xmax>787</xmax>
			<ymax>369</ymax>
		</bndbox>
	</object>
	<object>
		<name>Submersible Pump</name>
		<pose>Unspecified</pose>
		<truncated>0</truncated>
		<difficult>0</difficult>
		<bndbox>
			<xmin>826</xmin>
			<ymin>206</ymin>
			<xmax>853</xmax>
			<ymax>277</ymax>
		</bndbox>
	</object>
	<object>
		<name>Submersible Pump</name>
		<pose>Unspecified</pose>
		<truncated>0</truncated>
		<difficult>0</difficult>
		<bndbox>
			<xmin>1218</xmin>
			<ymin>229</ymin>
			<xmax>1253</xmax>
			<ymax>333</ymax>
		</bndbox>
	</object>
	<object>
		<name>Dosing Pump</name>
		<pose>Unspecified</pose>
		<truncated>0</truncated>
		<difficult>0</difficult>
		<bndbox>
			<xmin>894</xmin>
			<ymin>153</ymin>
			<xmax>970</xmax>
			<ymax>255</ymax>
		</bndbox>
	</object>
	<object>
		<name>Fan</name>
		<pose>Unspecified</pose>
		<truncated>0</truncated>
		<difficult>0</difficult>
		<bndbox>
			<xmin>1110</xmin>
			<ymin>415</ymin>
			<xmax>1135</xmax>
			<ymax>435</ymax>
		</bndbox>
	</object>
</annotation>
