<annotation>
	<folder>Generated_Images</folder>
	<filename>9.jpeg</filename>
	<path>/home/aishwarya/vaspimages/Generated_Images/9.jpeg</path>
	<source>
		<database>Unknown</database>
	</source>
	<size>
		<width>1289</width>
		<height>720</height>
		<depth>3</depth>
	</size>
	<segmented>0</segmented>
	<object>
		<name>Screening</name>
		<pose>Unspecified</pose>
		<truncated>0</truncated>
		<difficult>0</difficult>
		<bndbox>
			<xmin>737</xmin>
			<ymin>11</ymin>
			<xmax>804</xmax>
			<ymax>97</ymax>
		</bndbox>
	</object>
	<object>
		<name>Mixer</name>
		<pose>Unspecified</pose>
		<truncated>0</truncated>
		<difficult>0</difficult>
		<bndbox>
			<xmin>393</xmin>
			<ymin>460</ymin>
			<xmax>482</xmax>
			<ymax>610</ymax>
		</bndbox>
	</object>
	<object>
		<name>Mixer</name>
		<pose>Unspecified</pose>
		<truncated>1</truncated>
		<difficult>0</difficult>
		<bndbox>
			<xmin>1241</xmin>
			<ymin>378</ymin>
			<xmax>1289</xmax>
			<ymax>485</ymax>
		</bndbox>
	</object>
	<object>
		<name>Fan</name>
		<pose>Unspecified</pose>
		<truncated>0</truncated>
		<difficult>0</difficult>
		<bndbox>
			<xmin>623</xmin>
			<ymin>541</ymin>
			<xmax>714</xmax>
			<ymax>614</ymax>
		</bndbox>
	</object>
	<object>
		<name>Dosing Pump</name>
		<pose>Unspecified</pose>
		<truncated>1</truncated>
		<difficult>0</difficult>
		<bndbox>
			<xmin>1196</xmin>
			<ymin>669</ymin>
			<xmax>1237</xmax>
			<ymax>720</ymax>
		</bndbox>
	</object>
	<object>
		<name>Submersible Pump</name>
		<pose>Unspecified</pose>
		<truncated>0</truncated>
		<difficult>0</difficult>
		<bndbox>
			<xmin>646</xmin>
			<ymin>610</ymin>
			<xmax>685</xmax>
			<ymax>666</ymax>
		</bndbox>
	</object>
	<object>
		<name>Gate Valve</name>
		<pose>Unspecified</pose>
		<truncated>1</truncated>
		<difficult>0</difficult>
		<bndbox>
			<xmin>709</xmin>
			<ymin>662</ymin>
			<xmax>762</xmax>
			<ymax>720</ymax>
		</bndbox>
	</object>
</annotation>
